job_id,title,role_name,company,city,work_mode,experience_level,min_experience,max_experience,industry,salary_lpa,posted_date,skills,description
JG-001,Power BI Analyst,Power BI Analyst,BlueOrbit Analytics,New Delhi,On-site,Entry,0,2,Retail,7.2,2026-01-28,SQL|ETL|Power BI|Excel|Stakeholder Management|Power Query|Dashboarding|DAX,"Support business teams in New Delhi by turning raw operational data into decision-ready insights. The role emphasizes SQL, ETL, Power BI, Excel and strong reporting discipline."
JG-002,Business Intelligence Analyst,BI Analyst,NexaPulse,New Delhi,On-site,Entry,0,2,FinTech,5.9,2026-01-24,Stakeholder Management|Dashboarding|Python|Power BI|Excel|SQL,"Support business teams in New Delhi by turning raw operational data into decision-ready insights. The role emphasizes Stakeholder Management, Dashboarding, Python, Power BI and strong reporting discipline."
JG-003,Operations Reporting Analyst,Reporting Analyst,BlueOrbit Analytics,New Delhi,On-site,Entry,0,2,Healthcare,4.4,2026-03-02,Power Query|Tableau|SQL|Dashboarding|Power BI|Excel,"Support business teams in New Delhi by turning raw operational data into decision-ready insights. The role emphasizes Power Query, Tableau, SQL, Dashboarding and strong reporting discipline."
JG-004,Insights Analyst,Business Analyst,InsightForge,Mumbai,On-site,Entry,0,2,Healthcare,5.1,2026-03-05,A/B Testing|SQL|Communication|Stakeholder Management|Excel|Dashboarding,"Support business teams in Mumbai by turning raw operational data into decision-ready insights. The role emphasizes A/B Testing, SQL, Communication, Stakeholder Management and strong reporting discipline."
JG-005,Power BI Analyst,Power BI Analyst,MetricHive,Noida,Remote,Senior,5,8,Retail,12.1,2026-01-14,Excel|Power Query|Dashboarding|SQL|DAX|Data Modeling|Power BI,"Support business teams in Noida by turning raw operational data into decision-ready insights. The role emphasizes Excel, Power Query, Dashboarding, SQL and strong reporting discipline."
JG-006,BI Analyst,BI Analyst,DataNook Consulting,Mumbai,Hybrid,Entry,0,2,E-commerce,5.8,2026-02-12,Power BI|Excel|SQL|Dashboarding|Tableau|Communication,"Support business teams in Mumbai by turning raw operational data into decision-ready insights. The role emphasizes Power BI, Excel, SQL, Dashboarding and strong reporting discipline."
JG-007,BI Analyst,BI Analyst,SignalCraft,Pune,On-site,Entry,0,2,Healthcare,6.0,2026-02-23,Excel|Data Modeling|SQL|Stakeholder Management|ETL|Power BI|DAX|Dashboarding,"Support business teams in Pune by turning raw operational data into decision-ready insights. The role emphasizes Excel, Data Modeling, SQL, Stakeholder Management and strong reporting discipline."
JG-008,Data Analyst - Reporting,Data Analyst,NexaPulse,New Delhi,On-site,Entry,0,2,Logistics,4.6,2026-03-11,A/B Testing|Python|Data Cleaning|Communication|Dashboarding|Statistics|SQL|Excel,"Support business teams in New Delhi by turning raw operational data into decision-ready insights. The role emphasizes A/B Testing, Python, Data Cleaning, Communication and strong reporting discipline."
JG-009,BI Analyst,BI Analyst,HelioMetrics,Gurugram,Remote,Entry,0,2,Logistics,5.3,2026-02-18,Excel|Stakeholder Management|SQL|Communication|Python|Power BI|Dashboarding,"Support business teams in Gurugram by turning raw operational data into decision-ready insights. The role emphasizes Excel, Stakeholder Management, SQL, Communication and strong reporting discipline."
JG-010,BI Analyst,BI Analyst,HelioMetrics,Mumbai,Hybrid,Mid,2,5,FinTech,6.7,2026-03-08,Communication|Python|Excel|SQL|Power BI|Dashboarding|DAX|ETL,"Support business teams in Mumbai by turning raw operational data into decision-ready insights. The role emphasizes Communication, Python, Excel, SQL and strong reporting discipline."
JG-011,Junior Data Analyst,Data Analyst,BrightLane Logistics,Gurugram,Remote,Senior,5,8,Healthcare,9.3,2026-03-03,SQL|Power BI|Dashboarding|Excel|ETL|Communication,"Support business teams in Gurugram by turning raw operational data into decision-ready insights. The role emphasizes SQL, Power BI, Dashboarding, Excel and strong reporting discipline."
JG-012,Power BI Analyst,Power BI Analyst,BlueOrbit Analytics,Gurugram,Hybrid,Entry,0,2,Retail,6.2,2026-01-28,DAX|Power Query|Stakeholder Management|Power BI|Data Modeling|SQL|Dashboarding,"Support business teams in Gurugram by turning raw operational data into decision-ready insights. The role emphasizes DAX, Power Query, Stakeholder Management, Power BI and strong reporting discipline."
JG-013,Data Analyst,Data Analyst,MetricHive,Noida,Remote,Entry,0,2,E-commerce,4.6,2026-02-06,Python|Power BI|A/B Testing|Data Cleaning|SQL|Dashboarding,"Support business teams in Noida by turning raw operational data into decision-ready insights. The role emphasizes Python, Power BI, A/B Testing, Data Cleaning and strong reporting discipline."
JG-014,Reporting Analyst,Reporting Analyst,Acumen Retail,Noida,Remote,Senior,5,8,Retail,8.5,2026-02-27,Data Cleaning|Communication|Excel|Tableau|SQL|Power BI,"Support business teams in Noida by turning raw operational data into decision-ready insights. The role emphasizes Data Cleaning, Communication, Excel, Tableau and strong reporting discipline."
JG-015,Business Intelligence Analyst,BI Analyst,UrbanCart,Mumbai,Hybrid,Entry,0,2,Logistics,5.3,2026-02-19,SQL|Power BI|Dashboarding|ETL|Excel|Communication,"Support business teams in Mumbai by turning raw operational data into decision-ready insights. The role emphasizes SQL, Power BI, Dashboarding, ETL and strong reporting discipline."
JG-016,Reporting Analyst - Power BI,Power BI Analyst,Verity Health,Bengaluru,On-site,Senior,5,8,Consulting,11.8,2026-01-10,ETL|Power Query|Power BI|Dashboarding|Data Modeling|Excel|Stakeholder Management|SQL,"Support business teams in Bengaluru by turning raw operational data into decision-ready insights. The role emphasizes ETL, Power Query, Power BI, Dashboarding and strong reporting discipline."
JG-017,Data Analyst - Reporting,Data Analyst,BlueOrbit Analytics,Gurugram,On-site,Senior,5,8,E-commerce,10.0,2026-01-24,A/B Testing|Power BI|SQL|Data Cleaning|Dashboarding|Communication|Excel,"Support business teams in Gurugram by turning raw operational data into decision-ready insights. The role emphasizes A/B Testing, Power BI, SQL, Data Cleaning and strong reporting discipline."
JG-018,Data Analyst - Reporting,Data Analyst,ScalePoint,New Delhi,Hybrid,Senior,5,8,EdTech,9.6,2026-01-26,Stakeholder Management|SQL|ETL|Power BI|Excel|Data Cleaning|Communication,"Support business teams in New Delhi by turning raw operational data into decision-ready insights. The role emphasizes Stakeholder Management, SQL, ETL, Power BI and strong reporting discipline."
JG-019,Data Analyst - Reporting,Data Analyst,TrueNorth Commerce,Gurugram,On-site,Entry,0,2,FinTech,5.0,2026-02-24,Dashboarding|Python|Excel|Data Cleaning|Power BI|SQL,"Support business teams in Gurugram by turning raw operational data into decision-ready insights. The role emphasizes Dashboarding, Python, Excel, Data Cleaning and strong reporting discipline."
JG-020,MIS Analyst,Reporting Analyst,Acumen Retail,Mumbai,Hybrid,Entry,0,2,Consulting,3.8,2026-02-02,Power BI|Python|Stakeholder Management|SQL|Dashboarding|Data Cleaning|Excel,"Support business teams in Mumbai by turning raw operational data into decision-ready insights. The role emphasizes Power BI, Python, Stakeholder Management, SQL and strong reporting discipline."
JG-021,Business Intelligence Analyst,BI Analyst,PrimeBasket,Gurugram,On-site,Senior,5,8,Healthcare,10.7,2026-02-19,Communication|Data Modeling|Python|SQL|Power Query|Stakeholder Management|Power BI|Dashboarding,"Support business teams in Gurugram by turning raw operational data into decision-ready insights. The role emphasizes Communication, Data Modeling, Python, SQL and strong reporting discipline."
JG-022,Junior Data Analyst,Data Analyst,MetricHive,Noida,Hybrid,Entry,0,2,FinTech,5.1,2026-01-08,Data Cleaning|Power BI|Excel|ETL|SQL|Statistics,"Support business teams in Noida by turning raw operational data into decision-ready insights. The role emphasizes Data Cleaning, Power BI, Excel, ETL and strong reporting discipline."
JG-023,Data Analyst,Data Analyst,PrimeBasket,Pune,Remote,Mid,2,5,E-commerce,6.1,2026-02-05,SQL|Communication|Statistics|Excel|Python|Power BI,"Support business teams in Pune by turning raw operational data into decision-ready insights. The role emphasizes SQL, Communication, Statistics, Excel and strong reporting discipline."
JG-024,Business Intelligence Analyst,BI Analyst,LedgerLoop,Gurugram,On-site,Mid,2,5,EdTech,8.1,2026-02-16,SQL|DAX|Python|Excel|Power BI|Data Modeling|Dashboarding,"Support business teams in Gurugram by turning raw operational data into decision-ready insights. The role emphasizes SQL, DAX, Python, Excel and strong reporting discipline."
JG-025,Business Intelligence Analyst,BI Analyst,LedgerLoop,Noida,On-site,Entry,0,2,Healthcare,5.4,2026-02-22,Dashboarding|Power Query|Data Modeling|Excel|Power BI|SQL,"Support business teams in Noida by turning raw operational data into decision-ready insights. The role emphasizes Dashboarding, Power Query, Data Modeling, Excel and strong reporting discipline."
JG-026,Junior Data Analyst,Data Analyst,TrueNorth Commerce,Bengaluru,On-site,Intern,0,0,Retail,3.1,2026-01-20,Statistics|Python|ETL|Power BI|Data Cleaning|Stakeholder Management|Excel|SQL,"Support business teams in Bengaluru by turning raw operational data into decision-ready insights. The role emphasizes Statistics, Python, ETL, Power BI and strong reporting discipline."
JG-027,MIS Analyst,Reporting Analyst,BrightLane Logistics,Bengaluru,Hybrid,Entry,0,2,Consulting,4.8,2026-01-28,Stakeholder Management|Power BI|Power Query|Data Cleaning|SQL|Excel,"Support business teams in Bengaluru by turning raw operational data into decision-ready insights. The role emphasizes Stakeholder Management, Power BI, Power Query, Data Cleaning and strong reporting discipline."
JG-028,Business Intelligence Analyst,BI Analyst,BlueOrbit Analytics,New Delhi,Hybrid,Mid,2,5,Retail,9.1,2026-02-22,Python|Excel|SQL|Dashboarding|Tableau|Power BI|Power Query|Data Modeling,"Support business teams in New Delhi by turning raw operational data into decision-ready insights. The role emphasizes Python, Excel, SQL, Dashboarding and strong reporting discipline."
JG-029,BI Reporting Analyst,BI Analyst,ScalePoint,Bengaluru,Hybrid,Senior,5,8,FinTech,10.1,2026-02-19,Power Query|Power BI|SQL|Dashboarding|Python|Documentation,"Support business teams in Bengaluru by turning raw operational data into decision-ready insights. The role emphasizes Power Query, Power BI, SQL, Dashboarding and strong reporting discipline."
JG-030,Business Intelligence Analyst,BI Analyst,HelioMetrics,Pune,On-site,Mid,2,5,SaaS,7.2,2026-01-12,Power BI|Excel|SQL|Python|Dashboarding|ETL,"Support business teams in Pune by turning raw operational data into decision-ready insights. The role emphasizes Power BI, Excel, SQL, Python and strong reporting discipline."
JG-031,Data Analyst - Reporting,Data Analyst,SignalCraft,Gurugram,On-site,Senior,5,8,EdTech,9.1,2026-03-03,Power BI|Excel|SQL|Dashboarding|Stakeholder Management|Python,"Support business teams in Gurugram by turning raw operational data into decision-ready insights. The role emphasizes Power BI, Excel, SQL, Dashboarding and strong reporting discipline."
JG-032,Business Intelligence Analyst,BI Analyst,ScalePoint,Hyderabad,Remote,Entry,0,2,SaaS,5.5,2026-01-18,Excel|SQL|Power BI|Data Cleaning|Stakeholder Management|DAX,"Support business teams in Hyderabad by turning raw operational data into decision-ready insights. The role emphasizes Excel, SQL, Power BI, Data Cleaning and strong reporting discipline."
JG-033,Junior Data Analyst,Data Analyst,MetricHive,Bengaluru,Remote,Senior,5,8,Healthcare,9.7,2026-01-15,SQL|Power BI|Excel|Dashboarding|Communication|A/B Testing,"Support business teams in Bengaluru by turning raw operational data into decision-ready insights. The role emphasizes SQL, Power BI, Excel, Dashboarding and strong reporting discipline."
JG-034,Junior Data Analyst,Data Analyst,MetricHive,New Delhi,Remote,Mid,2,5,Retail,6.4,2026-03-11,Python|Tableau|Communication|Excel|Dashboarding|Statistics|SQL,"Support business teams in New Delhi by turning raw operational data into decision-ready insights. The role emphasizes Python, Tableau, Communication, Excel and strong reporting discipline."
JG-035,Power BI Developer,Power BI Analyst,Verity Health,Noida,Remote,Entry,0,2,E-commerce,5.5,2026-03-14,Power BI|SQL|Power Query|Data Modeling|ETL|DAX|Excel,"Support business teams in Noida by turning raw operational data into decision-ready insights. The role emphasizes Power BI, SQL, Power Query, Data Modeling and strong reporting discipline."
JG-036,Operations Reporting Analyst,Reporting Analyst,NexaPulse,Noida,Hybrid,Mid,2,5,E-commerce,6.4,2026-01-19,Power Query|SQL|Dashboarding|Stakeholder Management|Excel|Communication,"Support business teams in Noida by turning raw operational data into decision-ready insights. The role emphasizes Power Query, SQL, Dashboarding, Stakeholder Management and strong reporting discipline."
JG-037,Reporting Analyst,Reporting Analyst,TrueNorth Commerce,New Delhi,On-site,Entry,0,2,Retail,5.1,2026-01-13,SQL|Power BI|Communication|Data Cleaning|Dashboarding|Excel,"Support business teams in New Delhi by turning raw operational data into decision-ready insights. The role emphasizes SQL, Power BI, Communication, Data Cleaning and strong reporting discipline."
JG-038,MIS Analyst,Reporting Analyst,MetricHive,Hyderabad,On-site,Entry,0,2,Healthcare,3.8,2026-01-24,SQL|Communication|Excel|Dashboarding|Power BI|Documentation,"Support business teams in Hyderabad by turning raw operational data into decision-ready insights. The role emphasizes SQL, Communication, Excel, Dashboarding and strong reporting discipline."
JG-039,Data Analyst,Data Analyst,HelioMetrics,Hyderabad,On-site,Senior,5,8,FinTech,7.5,2026-01-24,Communication|Excel|SQL|Power BI|Python|Documentation,"Support business teams in Hyderabad by turning raw operational data into decision-ready insights. The role emphasizes Communication, Excel, SQL, Power BI and strong reporting discipline."
JG-040,Data Analyst,Data Analyst,UrbanCart,Bengaluru,On-site,Entry,0,2,E-commerce,5.3,2026-03-15,Power BI|Data Cleaning|Stakeholder Management|Excel|Dashboarding|SQL,"Support business teams in Bengaluru by turning raw operational data into decision-ready insights. The role emphasizes Power BI, Data Cleaning, Stakeholder Management, Excel and strong reporting discipline."
JG-041,Junior Data Analyst,Data Analyst,MetricHive,Gurugram,On-site,Entry,0,2,SaaS,5.0,2026-03-15,Power BI|Statistics|Excel|Data Cleaning|Python|SQL,"Support business teams in Gurugram by turning raw operational data into decision-ready insights. The role emphasizes Power BI, Statistics, Excel, Data Cleaning and strong reporting discipline."
JG-042,Business Analyst,Business Analyst,LedgerLoop,New Delhi,On-site,Entry,0,2,FinTech,5.5,2026-01-08,SQL|Communication|Python|Data Cleaning|Excel|Stakeholder Management,"Support business teams in New Delhi by turning raw operational data into decision-ready insights. The role emphasizes SQL, Communication, Python, Data Cleaning and strong reporting discipline."
JG-043,Reporting Analyst,Reporting Analyst,FlowGrid,Gurugram,Hybrid,Entry,0,2,Healthcare,5.2,2026-03-15,SQL|Excel|Stakeholder Management|Power Query|Power BI|Communication,"Support business teams in Gurugram by turning raw operational data into decision-ready insights. The role emphasizes SQL, Excel, Stakeholder Management, Power Query and strong reporting discipline."
JG-044,Power BI Analyst,Power BI Analyst,DataNook Consulting,Noida,On-site,Entry,0,2,Consulting,5.5,2026-01-11,Power BI|Stakeholder Management|Excel|Python|DAX|SQL,"Support business teams in Noida by turning raw operational data into decision-ready insights. The role emphasizes Power BI, Stakeholder Management, Excel, Python and strong reporting discipline."
JG-045,Reporting Analyst,Reporting Analyst,BlueOrbit Analytics,Bengaluru,On-site,Mid,2,5,Logistics,6.2,2026-01-15,Tableau|Dashboarding|SQL|Power BI|Data Cleaning|Excel|Python,"Support business teams in Bengaluru by turning raw operational data into decision-ready insights. The role emphasizes Tableau, Dashboarding, SQL, Power BI and strong reporting discipline."
JG-046,BI Reporting Analyst,BI Analyst,FlowGrid,Gurugram,On-site,Entry,0,2,FinTech,5.9,2026-01-15,Power Query|ETL|Power BI|SQL|Stakeholder Management|Communication|DAX|Dashboarding,"Support business teams in Gurugram by turning raw operational data into decision-ready insights. The role emphasizes Power Query, ETL, Power BI, SQL and strong reporting discipline."
JG-047,BI Reporting Analyst,BI Analyst,PrimeBasket,New Delhi,Hybrid,Mid,2,5,Healthcare,8.8,2026-02-14,Stakeholder Management|Power BI|SQL|ETL|Excel|Dashboarding,"Support business teams in New Delhi by turning raw operational data into decision-ready insights. The role emphasizes Stakeholder Management, Power BI, SQL, ETL and strong reporting discipline."
JG-048,Data Analyst - Reporting,Data Analyst,TrueNorth Commerce,Bengaluru,Remote,Entry,0,2,Consulting,5.3,2026-02-21,Documentation|Excel|Power BI|Dashboarding|Python|SQL,"Support business teams in Bengaluru by turning raw operational data into decision-ready insights. The role emphasizes Documentation, Excel, Power BI, Dashboarding and strong reporting discipline."
JG-049,Power BI Analyst,Power BI Analyst,DataNook Consulting,Noida,On-site,Entry,0,2,FinTech,5.6,2026-02-15,DAX|Dashboarding|Power BI|SQL|Excel|Data Modeling|Power Query,"Support business teams in Noida by turning raw operational data into decision-ready insights. The role emphasizes DAX, Dashboarding, Power BI, SQL and strong reporting discipline."
JG-050,Business Analyst,Business Analyst,InsightForge,Noida,Hybrid,Entry,0,2,FinTech,5.9,2026-01-26,A/B Testing|Documentation|Excel|Stakeholder Management|SQL|Power BI,"Support business teams in Noida by turning raw operational data into decision-ready insights. The role emphasizes A/B Testing, Documentation, Excel, Stakeholder Management and strong reporting discipline."
JG-051,Power BI Analyst,Power BI Analyst,DataNook Consulting,Hyderabad,On-site,Mid,2,5,SaaS,8.1,2026-02-12,Power Query|SQL|DAX|Power BI|Data Modeling|Dashboarding,"Support business teams in Hyderabad by turning raw operational data into decision-ready insights. The role emphasizes Power Query, SQL, DAX, Power BI and strong reporting discipline."
JG-052,Data Analyst,Data Analyst,SignalCraft,Gurugram,On-site,Mid,2,5,Consulting,6.0,2026-03-06,SQL|Data Cleaning|Python|Excel|Tableau|Dashboarding,"Support business teams in Gurugram by turning raw operational data into decision-ready insights. The role emphasizes SQL, Data Cleaning, Python, Excel and strong reporting discipline."
JG-053,Business Intelligence Analyst,BI Analyst,SignalCraft,Pune,Hybrid,Mid,2,5,EdTech,8.1,2026-01-14,DAX|SQL|Python|Power BI|Dashboarding|Excel,"Support business teams in Pune by turning raw operational data into decision-ready insights. The role emphasizes DAX, SQL, Python, Power BI and strong reporting discipline."
JG-054,BI Reporting Analyst,BI Analyst,TrueNorth Commerce,New Delhi,Hybrid,Entry,0,2,FinTech,5.7,2026-01-27,ETL|Communication|SQL|Power BI|Data Modeling|Stakeholder Management|Python|Power Query,"Support business teams in New Delhi by turning raw operational data into decision-ready insights. The role emphasizes ETL, Communication, SQL, Power BI and strong reporting discipline."
JG-055,Operations Reporting Analyst,Reporting Analyst,Acumen Retail,Pune,Hybrid,Entry,0,2,SaaS,4.6,2026-03-13,SQL|Documentation|Power BI|Communication|Data Cleaning|Excel,"Support business teams in Pune by turning raw operational data into decision-ready insights. The role emphasizes SQL, Documentation, Power BI, Communication and strong reporting discipline."
JG-056,Data Analyst - Reporting,Data Analyst,BlueOrbit Analytics,New Delhi,On-site,Entry,0,2,Healthcare,4.6,2026-01-15,Dashboarding|Statistics|Tableau|Excel|Power BI|Python,"Support business teams in New Delhi by turning raw operational data into decision-ready insights. The role emphasizes Dashboarding, Statistics, Tableau, Excel and strong reporting discipline."
JG-057,BI Reporting Analyst,BI Analyst,FlowGrid,Noida,Remote,Mid,2,5,SaaS,8.8,2026-02-28,DAX|Data Modeling|Power Query|ETL|Power BI|SQL|Dashboarding,"Support business teams in Noida by turning raw operational data into decision-ready insights. The role emphasizes DAX, Data Modeling, Power Query, ETL and strong reporting discipline."
JG-058,Business Intelligence Analyst,BI Analyst,HelioMetrics,New Delhi,On-site,Entry,0,2,Healthcare,5.8,2026-02-08,Python|Excel|Power BI|SQL|ETL|DAX,"Support business teams in New Delhi by turning raw operational data into decision-ready insights. The role emphasizes Python, Excel, Power BI, SQL and strong reporting discipline."
JG-059,Data Analyst - Reporting,Data Analyst,NexaPulse,Mumbai,Hybrid,Entry,0,2,Healthcare,4.9,2026-03-14,Excel|Dashboarding|ETL|SQL|Data Cleaning|Power BI,"Support business teams in Mumbai by turning raw operational data into decision-ready insights. The role emphasizes Excel, Dashboarding, ETL, SQL and strong reporting discipline."
JG-060,Business Analyst - Analytics,Business Analyst,ScalePoint,Noida,Hybrid,Entry,0,2,FinTech,5.1,2026-02-16,Communication|Stakeholder Management|Python|Documentation|SQL|Excel,"Support business teams in Noida by turning raw operational data into decision-ready insights. The role emphasizes Communication, Stakeholder Management, Python, Documentation and strong reporting discipline."
JG-061,Reporting Analyst - Power BI,Power BI Analyst,BrightLane Logistics,Hyderabad,Hybrid,Mid,2,5,Healthcare,7.8,2026-02-13,Power Query|DAX|Data Modeling|Power BI|SQL|Dashboarding|Communication|Python,"Support business teams in Hyderabad by turning raw operational data into decision-ready insights. The role emphasizes Power Query, DAX, Data Modeling, Power BI and strong reporting discipline."
JG-062,Power BI Analyst,Power BI Analyst,TrueNorth Commerce,Noida,Hybrid,Mid,2,5,Logistics,7.8,2026-02-11,DAX|Dashboarding|Power Query|SQL|ETL|Power BI,"Support business teams in Noida by turning raw operational data into decision-ready insights. The role emphasizes DAX, Dashboarding, Power Query, SQL and strong reporting discipline."
JG-063,Insights Analyst,Business Analyst,LedgerLoop,Gurugram,Remote,Entry,0,2,Retail,5.9,2026-03-07,Power BI|Excel|Communication|Documentation|Python|SQL|Stakeholder Management,"Support business teams in Gurugram by turning raw operational data into decision-ready insights. The role emphasizes Power BI, Excel, Communication, Documentation and strong reporting discipline."
JG-064,MIS Analyst,Reporting Analyst,BrightLane Logistics,Noida,Hybrid,Mid,2,5,E-commerce,6.3,2026-01-21,Data Cleaning|Power BI|Excel|Stakeholder Management|Tableau|Dashboarding,"Support business teams in Noida by turning raw operational data into decision-ready insights. The role emphasizes Data Cleaning, Power BI, Excel, Stakeholder Management and strong reporting discipline."
JG-065,Data Analyst,Data Analyst,NexaPulse,Gurugram,On-site,Entry,0,2,FinTech,5.6,2026-02-14,Python|Power BI|Excel|ETL|SQL|Stakeholder Management,"Support business teams in Gurugram by turning raw operational data into decision-ready insights. The role emphasizes Python, Power BI, Excel, ETL and strong reporting discipline."
JG-066,Data Analyst - Reporting,Data Analyst,FlowGrid,Noida,On-site,Mid,2,5,E-commerce,6.1,2026-02-15,Excel|SQL|ETL|Power BI|Tableau|Statistics|Communication,"Support business teams in Noida by turning raw operational data into decision-ready insights. The role emphasizes Excel, SQL, ETL, Power BI and strong reporting discipline."
JG-067,Data Analyst,Data Analyst,UrbanCart,Noida,Hybrid,Entry,0,2,Healthcare,5.2,2026-01-17,SQL|Excel|Dashboarding|Stakeholder Management|Power BI|Statistics,"Support business teams in Noida by turning raw operational data into decision-ready insights. The role emphasizes SQL, Excel, Dashboarding, Stakeholder Management and strong reporting discipline."
JG-068,Junior Data Analyst,Data Analyst,BrightLane Logistics,Mumbai,On-site,Entry,0,2,Healthcare,4.3,2026-03-20,Dashboarding|Data Cleaning|Power BI|SQL|Excel|Statistics,"Support business teams in Mumbai by turning raw operational data into decision-ready insights. The role emphasizes Dashboarding, Data Cleaning, Power BI, SQL and strong reporting discipline."
JG-069,BI Reporting Analyst,BI Analyst,FlowGrid,Noida,Hybrid,Entry,0,2,Logistics,6.0,2026-03-16,Excel|Python|SQL|Power BI|DAX|Power Query,"Support business teams in Noida by turning raw operational data into decision-ready insights. The role emphasizes Excel, Python, SQL, Power BI and strong reporting discipline."
JG-070,Data Analyst - Reporting,Data Analyst,FlowGrid,Hyderabad,Hybrid,Mid,2,5,Retail,6.7,2026-02-11,Tableau|Dashboarding|Excel|Data Cleaning|SQL|Python,"Support business teams in Hyderabad by turning raw operational data into decision-ready insights. The role emphasizes Tableau, Dashboarding, Excel, Data Cleaning and strong reporting discipline."
JG-071,Data Analyst,Data Analyst,MetricHive,Mumbai,Remote,Mid,2,5,Retail,6.0,2026-02-21,SQL|Power BI|Data Cleaning|Excel|ETL|Python|Dashboarding|Communication,"Support business teams in Mumbai by turning raw operational data into decision-ready insights. The role emphasizes SQL, Power BI, Data Cleaning, Excel and strong reporting discipline."
JG-072,Data Analyst,Data Analyst,Verity Health,Pune,Hybrid,Mid,2,5,Consulting,7.1,2026-01-29,SQL|Excel|A/B Testing|Dashboarding|Communication|Data Cleaning,"Support business teams in Pune by turning raw operational data into decision-ready insights. The role emphasizes SQL, Excel, A/B Testing, Dashboarding and strong reporting discipline."
JG-073,Data Analyst,Data Analyst,InsightForge,Bengaluru,On-site,Entry,0,2,Retail,4.3,2026-02-19,Power BI|SQL|Dashboarding|Python|Communication|Excel,"Support business teams in Bengaluru by turning raw operational data into decision-ready insights. The role emphasizes Power BI, SQL, Dashboarding, Python and strong reporting discipline."
JG-074,BI Reporting Analyst,BI Analyst,Acumen Retail,Noida,Remote,Entry,0,2,Retail,5.8,2026-02-18,Excel|SQL|Dashboarding|Data Modeling|Stakeholder Management|Power BI|Python|Power Query,"Support business teams in Noida by turning raw operational data into decision-ready insights. The role emphasizes Excel, SQL, Dashboarding, Data Modeling and strong reporting discipline."
JG-075,Business Analyst,Business Analyst,SignalCraft,Noida,Hybrid,Mid,2,5,EdTech,8.0,2026-03-13,Excel|Documentation|Power BI|SQL|Stakeholder Management|A/B Testing,"Support business teams in Noida by turning raw operational data into decision-ready insights. The role emphasizes Excel, Documentation, Power BI, SQL and strong reporting discipline."
JG-076,BI Reporting Analyst,BI Analyst,PrimeBasket,Hyderabad,Hybrid,Entry,0,2,EdTech,5.9,2026-01-24,Data Modeling|Power Query|Power BI|Dashboarding|ETL|DAX|Communication|SQL,"Support business teams in Hyderabad by turning raw operational data into decision-ready insights. The role emphasizes Data Modeling, Power Query, Power BI, Dashboarding and strong reporting discipline."
JG-077,MIS Analyst,Reporting Analyst,HelioMetrics,Hyderabad,On-site,Senior,5,8,Logistics,8.5,2026-02-03,Excel|Dashboarding|Stakeholder Management|Data Cleaning|Python|Documentation,"Support business teams in Hyderabad by turning raw operational data into decision-ready insights. The role emphasizes Excel, Dashboarding, Stakeholder Management, Data Cleaning and strong reporting discipline."
JG-078,Data Analyst,Data Analyst,NexaPulse,Noida,On-site,Senior,5,8,Retail,8.3,2026-01-29,Data Cleaning|A/B Testing|Dashboarding|SQL|Python|ETL,"Support business teams in Noida by turning raw operational data into decision-ready insights. The role emphasizes Data Cleaning, A/B Testing, Dashboarding, SQL and strong reporting discipline."
JG-079,Insights Analyst,Business Analyst,SignalCraft,Bengaluru,On-site,Senior,5,8,Healthcare,9.5,2026-01-30,Dashboarding|Data Cleaning|SQL|Python|Excel|Power BI,"Support business teams in Bengaluru by turning raw operational data into decision-ready insights. The role emphasizes Dashboarding, Data Cleaning, SQL, Python and strong reporting discipline."
JG-080,Reporting Analyst - Power BI,Power BI Analyst,TrueNorth Commerce,Mumbai,Hybrid,Senior,5,8,E-commerce,11.7,2026-02-02,DAX|ETL|Data Modeling|Dashboarding|SQL|Power BI|Communication,"Support business teams in Mumbai by turning raw operational data into decision-ready insights. The role emphasizes DAX, ETL, Data Modeling, Dashboarding and strong reporting discipline."
JG-081,BI Reporting Analyst,BI Analyst,MetricHive,Hyderabad,On-site,Entry,0,2,E-commerce,5.3,2026-01-21,Power Query|Power BI|Data Modeling|Dashboarding|Stakeholder Management|SQL|DAX,"Support business teams in Hyderabad by turning raw operational data into decision-ready insights. The role emphasizes Power Query, Power BI, Data Modeling, Dashboarding and strong reporting discipline."
JG-082,Data Analyst - Reporting,Data Analyst,PrimeBasket,Mumbai,On-site,Entry,0,2,SaaS,4.3,2026-02-14,Communication|Data Cleaning|SQL|Excel|Power BI|Dashboarding,"Support business teams in Mumbai by turning raw operational data into decision-ready insights. The role emphasizes Communication, Data Cleaning, SQL, Excel and strong reporting discipline."
JG-083,Business Analyst,Business Analyst,NexaPulse,Hyderabad,Hybrid,Mid,2,5,E-commerce,7.2,2026-03-23,Power BI|Communication|Excel|Stakeholder Management|Documentation|SQL,"Support business teams in Hyderabad by turning raw operational data into decision-ready insights. The role emphasizes Power BI, Communication, Excel, Stakeholder Management and strong reporting discipline."
JG-084,Junior Data Analyst,Data Analyst,Verity Health,Hyderabad,Hybrid,Mid,2,5,E-commerce,6.1,2026-03-10,Communication|Excel|Python|Data Cleaning|SQL|Dashboarding|Power BI,"Support business teams in Hyderabad by turning raw operational data into decision-ready insights. The role emphasizes Communication, Excel, Python, Data Cleaning and strong reporting discipline."
JG-085,Power BI Developer,Power BI Analyst,ScalePoint,New Delhi,Hybrid,Intern,0,0,E-commerce,5.1,2026-01-10,Dashboarding|SQL|Communication|Excel|Power BI|DAX,"Support business teams in New Delhi by turning raw operational data into decision-ready insights. The role emphasizes Dashboarding, SQL, Communication, Excel and strong reporting discipline."
JG-086,Reporting Analyst - Power BI,Power BI Analyst,SignalCraft,Pune,Remote,Entry,0,2,Logistics,6.2,2026-01-10,Python|DAX|SQL|Data Modeling|Power Query|Power BI,"Support business teams in Pune by turning raw operational data into decision-ready insights. The role emphasizes Python, DAX, SQL, Data Modeling and strong reporting discipline."
JG-087,MIS Analyst,Reporting Analyst,Verity Health,Noida,On-site,Senior,5,8,Consulting,8.9,2026-01-08,Power Query|Stakeholder Management|SQL|Power BI|Communication|Excel,"Support business teams in Noida by turning raw operational data into decision-ready insights. The role emphasizes Power Query, Stakeholder Management, SQL, Power BI and strong reporting discipline."
JG-088,Junior Data Analyst,Data Analyst,MetricHive,New Delhi,Hybrid,Entry,0,2,Logistics,4.7,2026-03-20,Tableau|Power BI|SQL|Dashboarding|Excel|Statistics,"Support business teams in New Delhi by turning raw operational data into decision-ready insights. The role emphasizes Tableau, Power BI, SQL, Dashboarding and strong reporting discipline."
JG-089,Junior Data Analyst,Data Analyst,BlueOrbit Analytics,New Delhi,On-site,Entry,0,2,SaaS,5.2,2026-02-05,SQL|Statistics|Dashboarding|Excel|Data Cleaning|Python|Power BI,"Support business teams in New Delhi by turning raw operational data into decision-ready insights. The role emphasizes SQL, Statistics, Dashboarding, Excel and strong reporting discipline."
JG-090,Power BI Developer,Power BI Analyst,FlowGrid,Noida,Remote,Senior,5,8,SaaS,12.2,2026-01-09,DAX|Power BI|Dashboarding|Python|SQL|Excel|Communication,"Support business teams in Noida by turning raw operational data into decision-ready insights. The role emphasizes DAX, Power BI, Dashboarding, Python and strong reporting discipline."
JG-091,MIS Analyst,Reporting Analyst,TrueNorth Commerce,Noida,On-site,Entry,0,2,EdTech,4.3,2026-01-28,SQL|Data Cleaning|Power BI|Excel|Communication|Dashboarding,"Support business teams in Noida by turning raw operational data into decision-ready insights. The role emphasizes SQL, Data Cleaning, Power BI, Excel and strong reporting discipline."
JG-092,BI Reporting Analyst,BI Analyst,TrueNorth Commerce,Bengaluru,Hybrid,Entry,0,2,Consulting,5.2,2026-02-07,Communication|Excel|Power BI|DAX|ETL|SQL,"Support business teams in Bengaluru by turning raw operational data into decision-ready insights. The role emphasizes Communication, Excel, Power BI, DAX and strong reporting discipline."
JG-093,Power BI Analyst,Power BI Analyst,SignalCraft,New Delhi,Hybrid,Mid,2,5,Healthcare,9.2,2026-01-16,DAX|Power BI|Stakeholder Management|Dashboarding|Data Modeling|Excel|SQL,"Support business teams in New Delhi by turning raw operational data into decision-ready insights. The role emphasizes DAX, Power BI, Stakeholder Management, Dashboarding and strong reporting discipline."
JG-094,Data Analyst - Reporting,Data Analyst,Verity Health,Pune,Hybrid,Mid,2,5,FinTech,6.1,2026-02-05,Python|Data Cleaning|SQL|Power BI|Excel|Communication,"Support business teams in Pune by turning raw operational data into decision-ready insights. The role emphasizes Python, Data Cleaning, SQL, Power BI and strong reporting discipline."
JG-095,Junior Data Analyst,Data Analyst,PrimeBasket,Pune,On-site,Entry,0,2,Logistics,4.6,2026-02-28,SQL|Data Cleaning|Communication|Statistics|Excel|Dashboarding,"Support business teams in Pune by turning raw operational data into decision-ready insights. The role emphasizes SQL, Data Cleaning, Communication, Statistics and strong reporting discipline."
JG-096,BI Analyst,BI Analyst,SignalCraft,Pune,Hybrid,Intern,0,0,EdTech,3.8,2026-02-14,Documentation|Excel|SQL|Dashboarding|Power BI|Stakeholder Management,"Support business teams in Pune by turning raw operational data into decision-ready insights. The role emphasizes Documentation, Excel, SQL, Dashboarding and strong reporting discipline."
JG-097,Business Analyst,Business Analyst,SignalCraft,Noida,Remote,Intern,0,0,Healthcare,4.4,2026-02-25,Excel|Power BI|Dashboarding|SQL|Statistics|A/B Testing|Documentation|Communication,"Support business teams in Noida by turning raw operational data into decision-ready insights. The role emphasizes Excel, Power BI, Dashboarding, SQL and strong reporting discipline."
JG-098,Business Intelligence Analyst,BI Analyst,NexaPulse,Hyderabad,On-site,Mid,2,5,FinTech,7.9,2026-02-16,Documentation|Power BI|Dashboarding|Python|SQL|Communication,"Support business teams in Hyderabad by turning raw operational data into decision-ready insights. The role emphasizes Documentation, Power BI, Dashboarding, Python and strong reporting discipline."
JG-099,Operations Reporting Analyst,Reporting Analyst,BlueOrbit Analytics,Noida,On-site,Intern,0,0,EdTech,2.8,2026-01-24,Documentation|SQL|Data Cleaning|Dashboarding|Excel|Communication,"Support business teams in Noida by turning raw operational data into decision-ready insights. The role emphasizes Documentation, SQL, Data Cleaning, Dashboarding and strong reporting discipline."
JG-100,Business Analyst,Business Analyst,TrueNorth Commerce,New Delhi,On-site,Senior,5,8,EdTech,8.9,2026-02-13,Documentation|Dashboarding|Communication|SQL|Stakeholder Management|Power BI|A/B Testing,"Support business teams in New Delhi by turning raw operational data into decision-ready insights. The role emphasizes Documentation, Dashboarding, Communication, SQL and strong reporting discipline."
JG-101,BI Analyst,BI Analyst,ScalePoint,New Delhi,Hybrid,Entry,0,2,Consulting,5.9,2026-03-08,Excel|DAX|SQL|Stakeholder Management|ETL|Data Modeling|Power BI|Dashboarding,"Support business teams in New Delhi by turning raw operational data into decision-ready insights. The role emphasizes Excel, DAX, SQL, Stakeholder Management and strong reporting discipline."
JG-102,MIS Analyst,Reporting Analyst,UrbanCart,Bengaluru,Remote,Mid,2,5,SaaS,5.6,2026-03-12,Python|Data Cleaning|Communication|SQL|Excel|Power BI,"Support business teams in Bengaluru by turning raw operational data into decision-ready insights. The role emphasizes Python, Data Cleaning, Communication, SQL and strong reporting discipline."
JG-103,BI Analyst,BI Analyst,HelioMetrics,Bengaluru,Remote,Senior,5,8,E-commerce,9.4,2026-01-10,SQL|Communication|Power BI|Dashboarding|Power Query|ETL|Excel,"Support business teams in Bengaluru by turning raw operational data into decision-ready insights. The role emphasizes SQL, Communication, Power BI, Dashboarding and strong reporting discipline."
JG-104,BI Analyst,BI Analyst,TrueNorth Commerce,Bengaluru,On-site,Intern,0,0,Retail,3.7,2026-01-14,Power BI|Stakeholder Management|Power Query|Dashboarding|SQL|Tableau|Communication,"Support business teams in Bengaluru by turning raw operational data into decision-ready insights. The role emphasizes Power BI, Stakeholder Management, Power Query, Dashboarding and strong reporting discipline."
JG-105,Reporting Analyst - Power BI,Power BI Analyst,LedgerLoop,Pune,Hybrid,Entry,0,2,SaaS,6.5,2026-03-02,Stakeholder Management|SQL|Power BI|Excel|DAX|Dashboarding,"Support business teams in Pune by turning raw operational data into decision-ready insights. The role emphasizes Stakeholder Management, SQL, Power BI, Excel and strong reporting discipline."
JG-106,Data Analyst,Data Analyst,SignalCraft,New Delhi,Remote,Mid,2,5,FinTech,6.5,2026-01-17,SQL|Data Cleaning|Statistics|Python|Stakeholder Management|Power BI|Excel,"Support business teams in New Delhi by turning raw operational data into decision-ready insights. The role emphasizes SQL, Data Cleaning, Statistics, Python and strong reporting discipline."
JG-107,Data Analyst,Data Analyst,HelioMetrics,Noida,On-site,Mid,2,5,E-commerce,7.5,2026-03-15,Communication|Python|SQL|Statistics|Dashboarding|Excel|Data Cleaning,"Support business teams in Noida by turning raw operational data into decision-ready insights. The role emphasizes Communication, Python, SQL, Statistics and strong reporting discipline."
JG-108,Data Analyst - Reporting,Data Analyst,HelioMetrics,Bengaluru,Remote,Intern,0,0,E-commerce,3.5,2026-02-12,Excel|Data Cleaning|Communication|SQL|Python|Power BI,"Support business teams in Bengaluru by turning raw operational data into decision-ready insights. The role emphasizes Excel, Data Cleaning, Communication, SQL and strong reporting discipline."
JG-109,Power BI Analyst,Power BI Analyst,BrightLane Logistics,Noida,On-site,Senior,5,8,E-commerce,12.7,2026-02-18,Dashboarding|DAX|Communication|Power BI|Python|Excel|Data Modeling|SQL,"Support business teams in Noida by turning raw operational data into decision-ready insights. The role emphasizes Dashboarding, DAX, Communication, Power BI and strong reporting discipline."
JG-110,Data Analyst - Reporting,Data Analyst,BrightLane Logistics,Gurugram,Remote,Intern,0,0,Retail,3.2,2026-03-18,Power BI|Dashboarding|SQL|Excel|ETL|Communication|Statistics,"Support business teams in Gurugram by turning raw operational data into decision-ready insights. The role emphasizes Power BI, Dashboarding, SQL, Excel and strong reporting discipline."
JG-111,Reporting Analyst,Reporting Analyst,UrbanCart,New Delhi,Remote,Senior,5,8,E-commerce,7.5,2026-01-31,Python|SQL|Power Query|Dashboarding|Communication|Excel,"Support business teams in New Delhi by turning raw operational data into decision-ready insights. The role emphasizes Python, SQL, Power Query, Dashboarding and strong reporting discipline."
JG-112,Business Analyst - Analytics,Business Analyst,Verity Health,Noida,Hybrid,Entry,0,2,Logistics,5.8,2026-02-06,Communication|SQL|Python|Excel|Stakeholder Management|Power BI,"Support business teams in Noida by turning raw operational data into decision-ready insights. The role emphasizes Communication, SQL, Python, Excel and strong reporting discipline."
JG-113,MIS Analyst,Reporting Analyst,FlowGrid,Gurugram,Remote,Mid,2,5,E-commerce,7.2,2026-01-13,SQL|Excel|Stakeholder Management|Power BI|Communication|Dashboarding|Python,"Support business teams in Gurugram by turning raw operational data into decision-ready insights. The role emphasizes SQL, Excel, Stakeholder Management, Power BI and strong reporting discipline."
JG-114,Data Analyst - Reporting,Data Analyst,NexaPulse,Pune,Hybrid,Mid,2,5,Retail,5.7,2026-02-23,Documentation|SQL|Statistics|Power BI|Dashboarding|Communication,"Support business teams in Pune by turning raw operational data into decision-ready insights. The role emphasizes Documentation, SQL, Statistics, Power BI and strong reporting discipline."
JG-115,Data Analyst,Data Analyst,TrueNorth Commerce,Gurugram,On-site,Senior,5,8,EdTech,9.7,2026-02-08,Communication|Dashboarding|SQL|Python|Power BI|Data Cleaning,"Support business teams in Gurugram by turning raw operational data into decision-ready insights. The role emphasizes Communication, Dashboarding, SQL, Python and strong reporting discipline."
JG-116,Insights Analyst,Business Analyst,DataNook Consulting,Pune,Hybrid,Mid,2,5,SaaS,7.5,2026-02-23,Excel|SQL|Dashboarding|Stakeholder Management|Python|Power BI,"Support business teams in Pune by turning raw operational data into decision-ready insights. The role emphasizes Excel, SQL, Dashboarding, Stakeholder Management and strong reporting discipline."
JG-117,Junior Data Analyst,Data Analyst,Verity Health,Bengaluru,Hybrid,Entry,0,2,Healthcare,5.0,2026-03-12,SQL|Python|Communication|Dashboarding|A/B Testing|Excel|Data Cleaning,"Support business teams in Bengaluru by turning raw operational data into decision-ready insights. The role emphasizes SQL, Python, Communication, Dashboarding and strong reporting discipline."
JG-118,Data Analyst,Data Analyst,BrightLane Logistics,Noida,On-site,Intern,0,0,Consulting,3.1,2026-03-21,Stakeholder Management|Python|SQL|Excel|Power BI|Data Cleaning,"Support business teams in Noida by turning raw operational data into decision-ready insights. The role emphasizes Stakeholder Management, Python, SQL, Excel and strong reporting discipline."
JG-119,Data Analyst,Data Analyst,NexaPulse,Gurugram,Hybrid,Entry,0,2,Retail,5.5,2026-02-01,Dashboarding|Data Cleaning|A/B Testing|Python|Power BI|SQL|Stakeholder Management|ETL,"Support business teams in Gurugram by turning raw operational data into decision-ready insights. The role emphasizes Dashboarding, Data Cleaning, A/B Testing, Python and strong reporting discipline."
JG-120,Junior Data Analyst,Data Analyst,Verity Health,Bengaluru,On-site,Senior,5,8,Logistics,9.9,2026-01-25,Data Cleaning|Power BI|Communication|SQL|Dashboarding|Excel,"Support business teams in Bengaluru by turning raw operational data into decision-ready insights. The role emphasizes Data Cleaning, Power BI, Communication, SQL and strong reporting discipline."
JG-121,Reporting Analyst - Power BI,Power BI Analyst,NexaPulse,Hyderabad,Hybrid,Intern,0,0,Consulting,4.0,2026-01-18,Power BI|Python|Excel|Communication|DAX|Dashboarding|Stakeholder Management|SQL,"Support business teams in Hyderabad by turning raw operational data into decision-ready insights. The role emphasizes Power BI, Python, Excel, Communication and strong reporting discipline."
JG-122,MIS Analyst,Reporting Analyst,LedgerLoop,Mumbai,On-site,Entry,0,2,FinTech,4.1,2026-01-16,Python|Communication|Excel|Power BI|Documentation|Data Cleaning,"Support business teams in Mumbai by turning raw operational data into decision-ready insights. The role emphasizes Python, Communication, Excel, Power BI and strong reporting discipline."
JG-123,Junior Data Analyst,Data Analyst,SignalCraft,Bengaluru,On-site,Senior,5,8,Logistics,9.1,2026-03-17,SQL|Python|Tableau|Communication|Dashboarding|Statistics|ETL,"Support business teams in Bengaluru by turning raw operational data into decision-ready insights. The role emphasizes SQL, Python, Tableau, Communication and strong reporting discipline."
JG-124,Junior Data Analyst,Data Analyst,NexaPulse,Noida,Hybrid,Mid,2,5,Logistics,7.0,2026-01-17,Tableau|Python|ETL|Dashboarding|Power BI|Excel|A/B Testing|Communication,"Support business teams in Noida by turning raw operational data into decision-ready insights. The role emphasizes Tableau, Python, ETL, Dashboarding and strong reporting discipline."
JG-125,Junior Data Analyst,Data Analyst,DataNook Consulting,New Delhi,Hybrid,Entry,0,2,Healthcare,5.2,2026-02-07,Data Cleaning|Dashboarding|Python|Statistics|SQL|Excel,"Support business teams in New Delhi by turning raw operational data into decision-ready insights. The role emphasizes Data Cleaning, Dashboarding, Python, Statistics and strong reporting discipline."
JG-126,Junior Data Analyst,Data Analyst,PrimeBasket,Gurugram,Hybrid,Mid,2,5,Retail,6.8,2026-02-03,Python|SQL|Excel|Power BI|Communication|Data Cleaning,"Support business teams in Gurugram by turning raw operational data into decision-ready insights. The role emphasizes Python, SQL, Excel, Power BI and strong reporting discipline."
JG-127,BI Reporting Analyst,BI Analyst,BrightLane Logistics,Gurugram,Remote,Entry,0,2,Healthcare,5.6,2026-02-27,Power BI|Data Cleaning|SQL|Excel|Dashboarding|Documentation,"Support business teams in Gurugram by turning raw operational data into decision-ready insights. The role emphasizes Power BI, Data Cleaning, SQL, Excel and strong reporting discipline."
JG-128,BI Reporting Analyst,BI Analyst,BlueOrbit Analytics,Pune,Remote,Senior,5,8,SaaS,10.2,2026-02-23,Data Modeling|Power Query|Excel|SQL|DAX|Communication|Dashboarding|Power BI,"Support business teams in Pune by turning raw operational data into decision-ready insights. The role emphasizes Data Modeling, Power Query, Excel, SQL and strong reporting discipline."
JG-129,Business Intelligence Analyst,BI Analyst,InsightForge,Mumbai,On-site,Entry,0,2,SaaS,5.4,2026-03-05,Communication|ETL|Dashboarding|Python|Power BI|SQL|Power Query,"Support business teams in Mumbai by turning raw operational data into decision-ready insights. The role emphasizes Communication, ETL, Dashboarding, Python and strong reporting discipline."
JG-130,Business Analyst,Business Analyst,ScalePoint,Noida,Hybrid,Mid,2,5,E-commerce,7.5,2026-01-15,Documentation|Dashboarding|Excel|Python|Communication|SQL,"Support business teams in Noida by turning raw operational data into decision-ready insights. The role emphasizes Documentation, Dashboarding, Excel, Python and strong reporting discipline."
JG-131,Power BI Developer,Power BI Analyst,Acumen Retail,New Delhi,On-site,Entry,0,2,EdTech,6.3,2026-02-22,DAX|Power Query|Excel|SQL|Dashboarding|Power BI|Data Modeling,"Support business teams in New Delhi by turning raw operational data into decision-ready insights. The role emphasizes DAX, Power Query, Excel, SQL and strong reporting discipline."
JG-132,BI Reporting Analyst,BI Analyst,Acumen Retail,Bengaluru,Hybrid,Entry,0,2,EdTech,5.6,2026-02-13,Stakeholder Management|SQL|Dashboarding|Excel|Power BI|Power Query,"Support business teams in Bengaluru by turning raw operational data into decision-ready insights. The role emphasizes Stakeholder Management, SQL, Dashboarding, Excel and strong reporting discipline."
JG-133,Business Intelligence Analyst,BI Analyst,ScalePoint,New Delhi,Remote,Mid,2,5,EdTech,8.9,2026-02-21,Power BI|Stakeholder Management|SQL|Data Modeling|Python|Power Query,"Support business teams in New Delhi by turning raw operational data into decision-ready insights. The role emphasizes Power BI, Stakeholder Management, SQL, Data Modeling and strong reporting discipline."
JG-134,Operations Reporting Analyst,Reporting Analyst,MetricHive,Mumbai,Hybrid,Entry,0,2,Healthcare,4.9,2026-03-11,Stakeholder Management|SQL|Data Cleaning|Excel|Power BI|Dashboarding,"Support business teams in Mumbai by turning raw operational data into decision-ready insights. The role emphasizes Stakeholder Management, SQL, Data Cleaning, Excel and strong reporting discipline."
JG-135,Data Analyst,Data Analyst,MetricHive,Noida,Hybrid,Mid,2,5,EdTech,7.4,2026-03-07,Python|SQL|Dashboarding|Data Cleaning|Excel|Tableau|Stakeholder Management,"Support business teams in Noida by turning raw operational data into decision-ready insights. The role emphasizes Python, SQL, Dashboarding, Data Cleaning and strong reporting discipline."
JG-136,BI Reporting Analyst,BI Analyst,SignalCraft,New Delhi,On-site,Senior,5,8,Healthcare,9.7,2026-02-08,Excel|Communication|Power Query|Dashboarding|Power BI|SQL,"Support business teams in New Delhi by turning raw operational data into decision-ready insights. The role emphasizes Excel, Communication, Power Query, Dashboarding and strong reporting discipline."
JG-137,BI Reporting Analyst,BI Analyst,HelioMetrics,Gurugram,On-site,Entry,0,2,Retail,6.2,2026-01-31,Power BI|Power Query|Dashboarding|Excel|DAX|Stakeholder Management|Data Modeling|SQL,"Support business teams in Gurugram by turning raw operational data into decision-ready insights. The role emphasizes Power BI, Power Query, Dashboarding, Excel and strong reporting discipline."
JG-138,Business Intelligence Analyst,BI Analyst,FlowGrid,Noida,Hybrid,Mid,2,5,E-commerce,7.4,2026-02-05,Dashboarding|ETL|Tableau|SQL|DAX|Python|Power BI,"Support business teams in Noida by turning raw operational data into decision-ready insights. The role emphasizes Dashboarding, ETL, Tableau, SQL and strong reporting discipline."
JG-139,Business Analyst - Analytics,Business Analyst,MetricHive,Noida,Remote,Entry,0,2,EdTech,5.0,2026-01-29,Documentation|SQL|Communication|Excel|Data Cleaning|Dashboarding,"Support business teams in Noida by turning raw operational data into decision-ready insights. The role emphasizes Documentation, SQL, Communication, Excel and strong reporting discipline."
JG-140,Reporting Analyst - Power BI,Power BI Analyst,SignalCraft,Bengaluru,Hybrid,Entry,0,2,Healthcare,6.7,2026-02-16,Python|Power BI|Excel|DAX|SQL|Dashboarding,"Support business teams in Bengaluru by turning raw operational data into decision-ready insights. The role emphasizes Python, Power BI, Excel, DAX and strong reporting discipline."
JG-141,Reporting Analyst - Power BI,Power BI Analyst,BrightLane Logistics,Bengaluru,Hybrid,Senior,5,8,Logistics,11.6,2026-01-28,Communication|Dashboarding|SQL|DAX|Power BI|Stakeholder Management|ETL|Power Query,"Support business teams in Bengaluru by turning raw operational data into decision-ready insights. The role emphasizes Communication, Dashboarding, SQL, DAX and strong reporting discipline."
JG-142,Power BI Analyst,Power BI Analyst,BrightLane Logistics,Bengaluru,Hybrid,Mid,2,5,Consulting,8.1,2026-03-17,Data Modeling|Power BI|Dashboarding|SQL|Excel|ETL,"Support business teams in Bengaluru by turning raw operational data into decision-ready insights. The role emphasizes Data Modeling, Power BI, Dashboarding, SQL and strong reporting discipline."
JG-143,Data Analyst,Data Analyst,HelioMetrics,Pune,Remote,Mid,2,5,SaaS,6.5,2026-03-18,Python|Excel|SQL|Power BI|Dashboarding|A/B Testing|Communication|Stakeholder Management,"Support business teams in Pune by turning raw operational data into decision-ready insights. The role emphasizes Python, Excel, SQL, Power BI and strong reporting discipline."
JG-144,Business Analyst,Business Analyst,DataNook Consulting,Bengaluru,On-site,Entry,0,2,SaaS,4.9,2026-02-23,Data Cleaning|Power BI|Documentation|Communication|SQL|Excel,"Support business teams in Bengaluru by turning raw operational data into decision-ready insights. The role emphasizes Data Cleaning, Power BI, Documentation, Communication and strong reporting discipline."
JG-145,BI Reporting Analyst,BI Analyst,UrbanCart,Mumbai,Hybrid,Entry,0,2,EdTech,4.9,2026-02-10,Excel|Power BI|DAX|SQL|Power Query|Tableau|Data Modeling,"Support business teams in Mumbai by turning raw operational data into decision-ready insights. The role emphasizes Excel, Power BI, DAX, SQL and strong reporting discipline."
JG-146,Reporting Analyst - Power BI,Power BI Analyst,BlueOrbit Analytics,New Delhi,On-site,Mid,2,5,FinTech,8.3,2026-01-09,Python|Communication|Excel|ETL|Power Query|SQL|Data Modeling|Dashboarding,"Support business teams in New Delhi by turning raw operational data into decision-ready insights. The role emphasizes Python, Communication, Excel, ETL and strong reporting discipline."
JG-147,Business Analyst,Business Analyst,HelioMetrics,Noida,Hybrid,Entry,0,2,E-commerce,5.3,2026-01-13,Excel|Dashboarding|Power BI|Statistics|Communication|SQL,"Support business teams in Noida by turning raw operational data into decision-ready insights. The role emphasizes Excel, Dashboarding, Power BI, Statistics and strong reporting discipline."
JG-148,Operations Reporting Analyst,Reporting Analyst,TrueNorth Commerce,Hyderabad,On-site,Senior,5,8,Healthcare,8.3,2026-03-03,SQL|Dashboarding|Power Query|Communication|Excel|Power BI,"Support business teams in Hyderabad by turning raw operational data into decision-ready insights. The role emphasizes SQL, Dashboarding, Power Query, Communication and strong reporting discipline."
JG-149,Business Intelligence Analyst,BI Analyst,BlueOrbit Analytics,Gurugram,Hybrid,Entry,0,2,SaaS,5.9,2026-02-27,SQL|Dashboarding|Data Modeling|ETL|Power BI|Python|Excel|Stakeholder Management,"Support business teams in Gurugram by turning raw operational data into decision-ready insights. The role emphasizes SQL, Dashboarding, Data Modeling, ETL and strong reporting discipline."
JG-150,MIS Analyst,Reporting Analyst,TrueNorth Commerce,Noida,On-site,Mid,2,5,FinTech,6.3,2026-01-14,Power BI|Dashboarding|Excel|Python|SQL|Documentation,"Support business teams in Noida by turning raw operational data into decision-ready insights. The role emphasizes Power BI, Dashboarding, Excel, Python and strong reporting discipline."
JG-151,Data Analyst - Reporting,Data Analyst,Verity Health,Noida,Hybrid,Mid,2,5,E-commerce,6.5,2026-01-17,Dashboarding|Python|Power BI|Stakeholder Management|SQL|Excel,"Support business teams in Noida by turning raw operational data into decision-ready insights. The role emphasizes Dashboarding, Python, Power BI, Stakeholder Management and strong reporting discipline."
JG-152,Insights Analyst,Business Analyst,LedgerLoop,Mumbai,Remote,Entry,0,2,E-commerce,5.2,2026-02-18,Stakeholder Management|SQL|Excel|Documentation|Python|Power BI|Communication,"Support business teams in Mumbai by turning raw operational data into decision-ready insights. The role emphasizes Stakeholder Management, SQL, Excel, Documentation and strong reporting discipline."
JG-153,Data Analyst,Data Analyst,Verity Health,New Delhi,Hybrid,Entry,0,2,FinTech,5.5,2026-03-03,Python|Power BI|Tableau|ETL|Stakeholder Management|Excel|SQL,"Support business teams in New Delhi by turning raw operational data into decision-ready insights. The role emphasizes Python, Power BI, Tableau, ETL and strong reporting discipline."
JG-154,Data Analyst - Reporting,Data Analyst,Acumen Retail,New Delhi,Hybrid,Entry,0,2,SaaS,4.7,2026-02-15,Excel|SQL|Data Cleaning|Python|Communication|Statistics|Dashboarding|Power BI,"Support business teams in New Delhi by turning raw operational data into decision-ready insights. The role emphasizes Excel, SQL, Data Cleaning, Python and strong reporting discipline."
JG-155,BI Reporting Analyst,BI Analyst,PrimeBasket,New Delhi,Hybrid,Senior,5,8,Consulting,10.1,2026-03-04,Data Cleaning|Power BI|SQL|Dashboarding|ETL|Tableau,"Support business teams in New Delhi by turning raw operational data into decision-ready insights. The role emphasizes Data Cleaning, Power BI, SQL, Dashboarding and strong reporting discipline."
JG-156,Operations Reporting Analyst,Reporting Analyst,MetricHive,Mumbai,On-site,Mid,2,5,Logistics,5.3,2026-01-28,Excel|Communication|Python|Power BI|SQL|Data Cleaning,"Support business teams in Mumbai by turning raw operational data into decision-ready insights. The role emphasizes Excel, Communication, Python, Power BI and strong reporting discipline."
JG-157,Business Intelligence Analyst,BI Analyst,LedgerLoop,Bengaluru,Remote,Entry,0,2,Retail,5.2,2026-02-01,Data Modeling|Communication|Dashboarding|DAX|Power BI|SQL|ETL,"Support business teams in Bengaluru by turning raw operational data into decision-ready insights. The role emphasizes Data Modeling, Communication, Dashboarding, DAX and strong reporting discipline."
JG-158,BI Analyst,BI Analyst,BlueOrbit Analytics,Mumbai,On-site,Senior,5,8,E-commerce,10.9,2026-03-05,Communication|Excel|Python|DAX|Dashboarding|Power BI|SQL,"Support business teams in Mumbai by turning raw operational data into decision-ready insights. The role emphasizes Communication, Excel, Python, DAX and strong reporting discipline."
JG-159,Insights Analyst,Business Analyst,SignalCraft,Bengaluru,On-site,Mid,2,5,Consulting,7.3,2026-03-02,Communication|Excel|Dashboarding|Stakeholder Management|Documentation|SQL,"Support business teams in Bengaluru by turning raw operational data into decision-ready insights. The role emphasizes Communication, Excel, Dashboarding, Stakeholder Management and strong reporting discipline."
JG-160,Reporting Analyst,Reporting Analyst,LedgerLoop,Gurugram,Hybrid,Entry,0,2,Consulting,4.9,2026-03-01,Excel|Power BI|Data Cleaning|SQL|Dashboarding|Documentation,"Support business teams in Gurugram by turning raw operational data into decision-ready insights. The role emphasizes Excel, Power BI, Data Cleaning, SQL and strong reporting discipline."
JG-161,Insights Analyst,Business Analyst,SignalCraft,Mumbai,On-site,Intern,0,0,EdTech,3.4,2026-02-22,Documentation|SQL|Excel|Python|Communication|Dashboarding|Power BI,"Support business teams in Mumbai by turning raw operational data into decision-ready insights. The role emphasizes Documentation, SQL, Excel, Python and strong reporting discipline."
JG-162,Operations Reporting Analyst,Reporting Analyst,SignalCraft,Hyderabad,Hybrid,Entry,0,2,Consulting,4.3,2026-02-18,Excel|Communication|SQL|Documentation|Stakeholder Management|Power BI,"Support business teams in Hyderabad by turning raw operational data into decision-ready insights. The role emphasizes Excel, Communication, SQL, Documentation and strong reporting discipline."
JG-163,Business Analyst,Business Analyst,NexaPulse,Hyderabad,On-site,Mid,2,5,Retail,6.6,2026-01-15,Data Cleaning|Python|Communication|Stakeholder Management|Excel|SQL,"Support business teams in Hyderabad by turning raw operational data into decision-ready insights. The role emphasizes Data Cleaning, Python, Communication, Stakeholder Management and strong reporting discipline."
JG-164,Data Analyst,Data Analyst,PrimeBasket,Gurugram,On-site,Entry,0,2,Healthcare,4.5,2026-02-04,Tableau|Power BI|Dashboarding|Excel|SQL|Python,"Support business teams in Gurugram by turning raw operational data into decision-ready insights. The role emphasizes Tableau, Power BI, Dashboarding, Excel and strong reporting discipline."
JG-165,Insights Analyst,Business Analyst,NexaPulse,Bengaluru,Hybrid,Entry,0,2,Healthcare,6.1,2026-02-01,Python|Excel|Dashboarding|Communication|SQL|Power BI,"Support business teams in Bengaluru by turning raw operational data into decision-ready insights. The role emphasizes Python, Excel, Dashboarding, Communication and strong reporting discipline."
JG-166,Business Analyst - Analytics,Business Analyst,FlowGrid,Gurugram,Remote,Entry,0,2,SaaS,5.8,2026-01-25,Excel|Power BI|Stakeholder Management|Dashboarding|SQL|Communication,"Support business teams in Gurugram by turning raw operational data into decision-ready insights. The role emphasizes Excel, Power BI, Stakeholder Management, Dashboarding and strong reporting discipline."
JG-167,Business Intelligence Analyst,BI Analyst,PrimeBasket,Hyderabad,Hybrid,Entry,0,2,Healthcare,5.7,2026-03-02,Dashboarding|Power BI|Communication|Stakeholder Management|ETL|Data Modeling|SQL,"Support business teams in Hyderabad by turning raw operational data into decision-ready insights. The role emphasizes Dashboarding, Power BI, Communication, Stakeholder Management and strong reporting discipline."
JG-168,Junior Data Analyst,Data Analyst,InsightForge,Hyderabad,On-site,Entry,0,2,Logistics,5.1,2026-03-07,SQL|Excel|Power BI|Dashboarding|ETL|Documentation,"Support business teams in Hyderabad by turning raw operational data into decision-ready insights. The role emphasizes SQL, Excel, Power BI, Dashboarding and strong reporting discipline."
JG-169,Business Intelligence Analyst,BI Analyst,TrueNorth Commerce,Gurugram,Hybrid,Entry,0,2,FinTech,5.8,2026-02-13,SQL|Excel|DAX|Power BI|Dashboarding|Stakeholder Management,"Support business teams in Gurugram by turning raw operational data into decision-ready insights. The role emphasizes SQL, Excel, DAX, Power BI and strong reporting discipline."
JG-170,Data Analyst,Data Analyst,PrimeBasket,Pune,Remote,Entry,0,2,Logistics,4.1,2026-02-21,ETL|Excel|SQL|Data Cleaning|Communication|Stakeholder Management|Power BI|Tableau,"Support business teams in Pune by turning raw operational data into decision-ready insights. The role emphasizes ETL, Excel, SQL, Data Cleaning and strong reporting discipline."
JG-171,Data Analyst,Data Analyst,InsightForge,Bengaluru,Remote,Entry,0,2,SaaS,4.5,2026-03-22,Data Cleaning|Excel|Communication|Python|Power BI|SQL,"Support business teams in Bengaluru by turning raw operational data into decision-ready insights. The role emphasizes Data Cleaning, Excel, Communication, Python and strong reporting discipline."
JG-172,Insights Analyst,Business Analyst,SignalCraft,Gurugram,Remote,Entry,0,2,Logistics,5.8,2026-02-02,SQL|Stakeholder Management|Communication|Power BI|Excel|Dashboarding,"Support business teams in Gurugram by turning raw operational data into decision-ready insights. The role emphasizes SQL, Stakeholder Management, Communication, Power BI and strong reporting discipline."
JG-173,Junior Data Analyst,Data Analyst,ScalePoint,Hyderabad,Remote,Entry,0,2,Consulting,4.1,2026-03-22,Excel|Tableau|Data Cleaning|Power BI|Dashboarding|A/B Testing|SQL,"Support business teams in Hyderabad by turning raw operational data into decision-ready insights. The role emphasizes Excel, Tableau, Data Cleaning, Power BI and strong reporting discipline."
JG-174,Reporting Analyst - Power BI,Power BI Analyst,DataNook Consulting,Pune,On-site,Entry,0,2,FinTech,5.6,2026-01-26,Power BI|SQL|Excel|Dashboarding|DAX|Data Modeling,"Support business teams in Pune by turning raw operational data into decision-ready insights. The role emphasizes Power BI, SQL, Excel, Dashboarding and strong reporting discipline."
JG-175,MIS Analyst,Reporting Analyst,LedgerLoop,Hyderabad,On-site,Entry,0,2,SaaS,4.6,2026-01-13,Dashboarding|SQL|Excel|Communication|Stakeholder Management|Data Cleaning,"Support business teams in Hyderabad by turning raw operational data into decision-ready insights. The role emphasizes Dashboarding, SQL, Excel, Communication and strong reporting discipline."
JG-176,Data Analyst - Reporting,Data Analyst,BlueOrbit Analytics,Gurugram,Hybrid,Entry,0,2,Logistics,5.2,2026-03-18,Dashboarding|Tableau|Data Cleaning|SQL|Excel|Python,"Support business teams in Gurugram by turning raw operational data into decision-ready insights. The role emphasizes Dashboarding, Tableau, Data Cleaning, SQL and strong reporting discipline."
JG-177,Insights Analyst,Business Analyst,PrimeBasket,Mumbai,Hybrid,Intern,0,0,EdTech,3.8,2026-02-04,SQL|Excel|Python|Documentation|Communication|A/B Testing,"Support business teams in Mumbai by turning raw operational data into decision-ready insights. The role emphasizes SQL, Excel, Python, Documentation and strong reporting discipline."
JG-178,Insights Analyst,Business Analyst,DataNook Consulting,Bengaluru,Hybrid,Mid,2,5,Logistics,8.0,2026-01-24,Python|SQL|Excel|Data Cleaning|Stakeholder Management|Power BI,"Support business teams in Bengaluru by turning raw operational data into decision-ready insights. The role emphasizes Python, SQL, Excel, Data Cleaning and strong reporting discipline."
JG-179,Business Analyst - Analytics,Business Analyst,SignalCraft,Bengaluru,Remote,Entry,0,2,SaaS,5.2,2026-02-24,SQL|Excel|Statistics|Documentation|Stakeholder Management|Communication,"Support business teams in Bengaluru by turning raw operational data into decision-ready insights. The role emphasizes SQL, Excel, Statistics, Documentation and strong reporting discipline."
JG-180,Reporting Analyst,Reporting Analyst,ScalePoint,New Delhi,Hybrid,Entry,0,2,Logistics,4.9,2026-01-21,Data Cleaning|Power BI|Tableau|Power Query|Excel|SQL,"Support business teams in New Delhi by turning raw operational data into decision-ready insights. The role emphasizes Data Cleaning, Power BI, Tableau, Power Query and strong reporting discipline."
